{
    "depot": [
        139,
        370
    ],
    "final_destination": [
        976,
        693
    ],
    "requests": [
        [
            [
                930,
                426
            ],
            [
                668,
                498
            ]
        ],
        [
            [
                291,
                425
            ],
            [
                176,
                381
            ]
        ],
        [
            [
                286,
                716
            ],
            [
                230,
                207
            ]
        ],
        [
            [
                973,
                423
            ],
            [
                524,
                240
            ]
        ],
        [
            [
                698,
                12
            ],
            [
                628,
                250
            ]
        ],
        [
            [
                945,
                581
            ],
            [
                918,
                1000
            ]
        ],
        [
            [
                457,
                132
            ],
            [
                13,
                366
            ]
        ],
        [
            [
                185,
                474
            ],
            [
                969,
                364
            ]
        ],
        [
            [
                999,
                197
            ],
            [
                166,
                246
            ]
        ],
        [
            [
                107,
                401
            ],
            [
                144,
                68
            ]
        ]
    ],
    "travel_costs": [
        [
            0,
            792.9798231985476,
            161.6446720433433,
            375.93217473368776,
            835.6823559223923,
            663.8109670681857,
            833.1608488161214,
            397.20020140981796,
            113.71895180663599,
            877.2280205283002,
            44.553338819890925,
            544.2655601817921,
            38.600518131237564,
            186.6815470259447,
            406.3557554655772,
            503.5086891007939,
            1001.868753879469,
            126.0634760745554,
            830.0216864636731,
            126.90547663517125,
            302.0413878924542,
            897.1610780679242
        ],
        [
            792.9798231985476,
            0,
            639.0007824721343,
            706.2832293067703,
            43.10452412450461,
            474.5734927279441,
            155.72411502397438,
            556.9245909456683,
            746.5447073015788,
            239.1693960355296,
            823.3796208311206,
            271.7130839691015,
            755.3416445556275,
            733.45824693707,
            446.57810067221163,
            349.54255821001254,
            574.1254218374239,
            918.9608261509301,
            73.24616030891994,
            784.9178300943354,
            863.6897591149266,
            270.93357119412127
        ],
        [
            161.6446720433433,
            639.0007824721343,
            0,
            291.0429521565502,
            682.0029325450148,
            579.8430822213886,
            672.3481241142865,
            336.7565886512096,
            116.77756633874506,
            743.8064264309633,
            185.55861607589122,
            384.0026041578364,
            123.13001258832064,
            226.3735850314696,
            297.51302492496023,
            379.7288506289718,
            850.7373272638271,
            284.19183661745103,
            680.7385694963963,
            218.32544515012447,
            386.080302527855,
            735.5603306323691
        ],
        [
            375.93217473368776,
            706.2832293067703,
            291.0429521565502,
            0,
            746.8721443460053,
            815.6960218120473,
            672.6856621037794,
            608.5203365541697,
            262.2308143601739,
            881.890015818299,
            362.30650007969774,
            439.8272388108767,
            352.59750424527965,
            512.0712841001729,
            532.18417864495,
            578.0311410296162,
            692.8780556490442,
            443.8794881496553,
            768.3703534103851,
            485.0773134253962,
            663.3762130194299,
            690.3832269109671
        ],
        [
            835.6823559223923,
            43.10452412450461,
            682.0029325450148,
            746.8721443460053,
            0,
            494.51592492052265,
            160.46183346827368,
            592.3993585411787,
            789.6486560490051,
            227.49065914889778,
            866.2794006554699,
            314.0859754907882,
            798.1058826997831,
            773.760298800604,
            484.86080476771883,
            385.94559202042973,
            579.6153897197693,
            961.6906987176283,
            59.135437767890075,
            826.1827884917477,
            901.8126191177412,
            270.0166661522951
        ],
        [
            663.8109670681857,
            474.5734927279441,
            579.8430822213886,
            815.6960218120473,
            494.51592492052265,
            0,
            620.2983153290036,
            269.22295593058186,
            690.3716390466803,
            353.30723174030845,
            707.5323314167347,
            486.9250455665636,
            639.2534708548715,
            506.99999999999994,
            286.81004166521086,
            248.08063205337092,
            1012.197609165325,
            771.0648481159027,
            444.2352980122133,
            581.188437600061,
            556.8231317034162,
            735.5576116117622
        ],
        [
            833.1608488161214,
            155.72411502397438,
            672.3481241142865,
            672.6856621037794,
            160.46183346827368,
            620.2983153290036,
            0,
            663.1327167317263,
            767.4952768584311,
            387.77828716935664,
            857.1137614109343,
            289.16777137156896,
            794.582280195072,
            806.9082971441055,
            541.7767067713414,
            458.31212072123947,
            419.869027197768,
            956.477391264425,
            218.3231549790356,
            847.9775940436161,
            951.1939865243053,
            116.21101496846158
        ],
        [
            397.20020140981796,
            556.9245909456683,
            336.7565886512096,
            608.5203365541697,
            592.3993585411787,
            269.22295593058186,
            663.1327167317263,
            0,
            436.97597187946155,
            545.8836872448195,
            441.4306287515628,
            422.46538319725084,
            375.4490644548206,
            239.06902768865731,
            127.09445306542689,
            207.76188293332345,
            982.8250098567903,
            501.8884338177161,
            562.1103094589175,
            312.53319823660337,
            319.4761336938958,
            764.2525760506144
        ],
        [
            113.71895180663599,
            746.5447073015788,
            116.77756633874506,
            262.2308143601739,
            789.6486560490051,
            690.3716390466803,
            767.4952768584311,
            436.97597187946155,
            0,
            859.8401014142106,
            106.83164325236227,
            483.59590568986414,
            93.43446901438463,
            270.76558126911186,
            411.91868129522845,
            496.4121271685453,
            902.2000886721305,
            203.09603639657766,
            791.6792279705209,
            228.7902969970536,
            408.06494581132546,
            820.7569676828824
        ],
        [
