{
    "depot": [
        854,
        563
    ],
    "final_destination": [
        155,
        708
    ],
    "requests": [
        [
            [
                921,
                194
            ],
            [
                358,
                296
            ]
        ],
        [
            [
                318,
                272
            ],
            [
                1,
                436
            ]
        ],
        [
            [
                528,
                409
            ],
            [
                245,
                11
            ]
        ],
        [
            [
                988,
                578
            ],
            [
                900,
                52
            ]
        ],
        [
            [
                702,
                809
            ],
            [
                241,
                612
            ]
        ]
    ],
    "travel_costs": [
        [
            0,
            375.0333318519835,
            609.899171994847,
            360.5440333717922,
            134.8369385591352,
            289.17122955093583,
            563.2983223834419,
            862.4024582525261,
            821.9397788159422,
            513.0662725223712,
            614.955282927141,
            713.8809424546926
        ],
        [
            375.0333318519835,
            0,
            608.0238482164988,
            447.96651660587304,
            389.8012313987733,
            652.8292272868916,
            572.1651859384665,
            951.295958153928,
            700.3320640953119,
            143.54441821262157,
            798.2004760710181,
            922.4705957373384
        ],
        [
            609.899171994847,
            608.0238482164988,
            0,
            250.7369139157615,
            736.5704311197946,
            660.1704325399616,
            46.6476151587624,
            356.9103528899099,
            271.01660465735307,
            622.1928961343098,
            348.610097386751,
            465.4728778350034
        ],
        [
            360.5440333717922,
            447.96651660587304,
            250.7369139157615,
            0,
            490.06224094496406,
            436.20637317673385,
            204.1298606279836,
            527.6911975767646,
            488.35745105404095,
            515.5899533544074,
            351.5366268257122,
            478.0481147332348
        ],
        [
            134.8369385591352,
            389.8012313987733,
            736.5704311197946,
            490.06224094496406,
            0,
            367.63704927550486,
            690.2347426781704,
            997.1624742237345,
            934.6325481171732,
            533.3104161742953,
            747.7733613869914,
            843.0830326842073
        ],
        [
            289.17122955093583,
            652.8292272868916,
            660.1704325399616,
            436.20637317673385,
            367.63704927550486,
            0,
            617.6609102088297,
            794.059191748323,
            919.5939321243915,
            782.4659737010933,
            501.32823578968697,
            556.2463483026203
        ],
        [
            563.2983223834419,
            572.1651859384665,
            46.6476151587624,
            204.1298606279836,
            690.2347426781704,
            617.6609102088297,
            0,
            383.46968589446544,
            306.5844092578747,
            594.3904440685432,
            336.96438980996203,
            459.2962007245433
        ],
        [
            862.4024582525261,
            951.295958153928,
            356.9103528899099,
            527.6911975767646,
            997.1624742237345,
            794.059191748323,
            383.46968589446544,
            0,
            490.06224094496406,
            977.5771069332588,
            297.61720380381234,
            312.5699921617557
        ],
        [
            821.9397788159422,
            700.3320640953119,
            271.01660465735307,
            488.35745105404095,
            934.6325481171732,
            919.5939321243915,
            306.5844092578747,
            490.06224094496406,
            0,
            656.2819516031201,
            601.01331100068,
            702.786596343442
        ],
        [
            513.0662725223712,
            143.54441821262157,
            622.1928961343098,
            515.5899533544074,
            533.3104161742953,
            782.4659737010933,
            594.3904440685432,
            977.5771069332588,
            656.2819516031201,
            0,
            864.8011332092483,
            992.6535145759572
        ],
        [
            614.955282927141,
            798.2004760710181,
            348.610097386751,
            351.5366268257122,
            747.7733613869914,
            501.32823578968697,
            336.96438980996203,
            297.61720380381234,
            601.01331100068,
            864.8011332092483,
            0,
            128.88754788574417
        ],
        [
            713.8809424546926,
            922.4705957373384,
            465.4728778350034,
            478.0481147332348,
            843.0830326842073,
            556.2463483026203,
            459.2962007245433,
            312.5699921617557,
            702.786596343442,
            992.6535145759572,
            128.88754788574417,
            0
        ]
    ],
    "incompatibilities": [
        [
            0,
            0,
            0,
            0,
            0
        ],
        [
            0,
            0,
            0,
            0,
            0
        ],
        [
            0,
            0,
            0,
            0,
            0
        ],
        [
            0,
            0,
            0,
            0,
            0
        ],
        [
            0,
            0,
            0,
            0,
            0
        ]
    ]
}