{
    "depot": [
        665,
        609
    ],
    "final_destination": [
        854,
        837
    ],
    "requests": [
        [
            [
                883,
                482
            ],
            [
                868,
                872
            ]
        ],
        [
            [
                999,
                135
            ],
            [
                615,
                471
            ]
        ],
        [
            [
                681,
                23
            ],
            [
                908,
                290
            ]
        ],
        [
            [
                303,
                641
            ],
            [
                821,
                456
            ]
        ],
        [
            [
                592,
                277
            ],
            [
                54,
                969
            ]
        ]
    ],
    "travel_costs": [
        [
            0,
            252.29546171106603,
            579.8551543273544,
            586.2183893396725,
            363.41161236262116,
            339.9308753261463,
            332.2318467576521,
            146.77874505527018,
            401.01122178811903,
            218.50629281556172,
            709.1692322711131,
            296.150299679065
        ],
        [
            252.29546171106603,
            0,
            365.8756619399546,
            501.4828013003039,
            601.3992018617917,
            355.9578626747834,
            390.2883549377306,
            268.22565127146214,
            193.62076334938877,
            67.23094525588645,
            961.4624277630405,
            356.18253747201027
        ],
        [
            579.8551543273544,
            365.8756619399546,
            0,
            337.146852276571,
            860.4952062620687,
            431.06032060490094,
            748.5519354059543,
            510.2469990112632,
            179.7386992275175,
            367.049043044659,
            1260.3892255966011,
            716.8186660516034
        ],
        [
            586.2183893396725,
            501.4828013003039,
            337.146852276571,
            0,
            724.4363326062546,
            269.14122686797725,
            869.3503321446424,
            452.8355109750118,
            350.4539912741757,
            455.0703242357164,
            1134.9207020757,
            832.1808697632985
        ],
        [
            363.41161236262116,
            601.3992018617917,
            860.4952062620687,
            724.4363326062546,
            0,
            464.7762902730732,
            610.3982306658498,
            355.3083168179433,
            699.4469243623851,
            550.0445436507847,
            411.80699362686886,
            584.8221952012423
        ],
        [
            339.9308753261463,
            355.9578626747834,
            431.06032060490094,
            269.14122686797725,
            464.7762902730732,
            0,
            655.89709558741,
            195.35864454894235,
            316.2672920173694,
            290.6578744847626,
            876.5318020471362,
            618.2588454684657
        ],
        [
            332.2318467576521,
            390.2883549377306,
            748.5519354059543,
            869.3503321446424,
            610.3982306658498,
            655.89709558741,
            0,
            474.141329141428,
            583.3729510356131,
            418.6466290321707,
            819.7591109588232,
            37.696153649941536
        ],
        [
            146.77874505527018,
            268.22565127146214,
            510.2469990112632,
            452.8355109750118,
            355.3083168179433,
            195.35864454894235,
            474.141329141428,
            0,
            344.39802554602426,
            206.54539452623968,
            750.1499850029992,
            437.12355232817185
        ],
        [
            401.01122178811903,
            193.62076334938877,
            179.7386992275175,
            350.4539912741757,
            699.4469243623851,
            316.2672920173694,
            583.3729510356131,
            344.39802554602426,
            0,
            187.4166481399131,
            1091.0348298748304,
            549.6589851899084
        ],
        [
            218.50629281556172,
            67.23094525588645,
            367.049043044659,
            455.0703242357164,
            550.0445436507847,
            290.6578744847626,
            418.6466290321707,
            206.54539452623968,
            187.4166481399131,
            0,
            922.7448184628295,
            382.4264635194588
        ],
        [
            709.1692322711131,
            961.4624277630405,
            1260.3892255966011,
            1134.9207020757,
            411.80699362686886,
            876.5318020471362,
            819.7591109588232,
            750.1499850029992,
            1091.0348298748304,
            922.7448184628295,
            0,
            810.8168720494167
        ],
        [
            296.150299679065,
            356.18253747201027,
            716.8186660516034,
            832.1808697632985,
            584.8221952012423,
            618.2588454684657,
            37.696153649941536,
            437.12355232817185,
            549.6589851899084,
            382.4264635194588,
            810.8168720494167,
            0
        ]
    ],
    "incompatibilities": [
        [
            0,
            1,
            1,
            0,
            0
        ],
        [
            1,
            0,
            0,
            1,
            0
        ],
        [
            1,
            0,
            0,
            1,
            1
        ],
        [
            0,
            1,
            1,
            0,
            0
        ],
        [
            0,
            0,
            1,
            0,
            0
        ]
    ]
}