{
    "depot": [
        15,
        407
    ],
    "final_destination": [
        988,
        23
    ],
    "requests": [
        [
            [
                803,
                268
            ],
            [
                965,
                58
            ]
        ],
        [
            [
                262,
                492
            ],
            [
                87,
                76
            ]
        ],
        [
            [
                295,
                386
            ],
            [
                248,
                398
            ]
        ],
        [
            [
                299,
                949
            ],
            [
                800,
                421
            ]
        ],
        [
            [
                117,
                425
            ],
            [
                98,
                968
            ]
        ],
        [
            [
                307,
                797
            ],
            [
                527,
                38
            ]
        ],
        [
            [
                485,
                387
            ],
            [
                554,
                629
            ]
        ],
        [
            [
                231,
                284
            ],
            [
                117,
                490
            ]
        ],
        [
            [
                121,
                209
            ],
            [
                678,
                172
            ]
        ],
        [
            [
                352,
                50
            ],
            [
                62,
                963
            ]
        ]
    ],
    "travel_costs": [
        [
            0,
            800.1656078587732,
            261.21638539724114,
            280.7863956818421,
            611.8986844241455,
            103.5760590097924,
            487.20016420358485,
            470.425339453563,
            248.56588663772834,
            224.58851261807672,
            490.9358410220219,
            1012.077566197374,
            338.740313514645,
            233.17375495539798,
            785.1248308390202,
            567.1066919019736,
            631.1140942808994,
            582.9279543820145,
            131.50285168010615,
            703.4159509138245,
            557.9829746506608,
            1046.0329822715917
        ],
        [
            800.1656078587732,
            0,
            585.5399217815981,
            521.5246878144887,
            847.2172094569373,
            703.7364563528026,
            725.1599823487228,
            339.53644870617353,
            572.2237324683414,
            684.5472956633456,
            500.92414595425527,
            265.22443326360417,
            741.2961621376439,
            570.0219294027205,
            153.0294089382822,
            993.4913185327791,
            359.27148509170615,
            438.545322629258,
            721.02704526252,
            157.610278852618,
            1015.9261784204599,
            307.001628660175
        ],
        [
            261.21638539724114,
            585.5399217815981,
            0,
            111.01801655587259,
            458.49536529827645,
            159.7310239120754,
            308.3018001893599,
            246.48326515201796,
            210.2974084481309,
            316.1803282938393,
            451.0698393818855,
            826.1749209459217,
            451.3103145287065,
            95.03683496413377,
            542.6647215362356,
            503.46002820482187,
            525.6814624846495,
            322.54147020189515,
            145.01379244747721,
            524.8390229394151,
            511.70401600925516,
            864.3130220007101
        ],
        [
            280.7863956818421,
            521.5246878144887,
            111.01801655587259,
            0,
            563.0142094121603,
            182.22239159883728,
            411.17514516322603,
            190.0026315607234,
            120.41594578792295,
            248.20354550247666,
            340.8005281686048,
            745.9785519704973,
            373.31488049634453,
            48.50773134253962,
            506.2114182829146,
            614.4371408044926,
            418.2439479538228,
            355.14785653302204,
            206.15528128088303,
            438.73112495012253,
            622.2684308238687,
            782.31579301456
        ],
        [
            611.8986844241455,
            847.2172094569373,
            458.49536529827645,
            563.0142094121603,
            0,
            554.7071299343465,
            152.21038072352357,
            591.9797293826875,
            668.4676506757826,
            761.1070883916402,
            900.5609363058117,
            1112.4014563097264,
            898.3724172079195,
            553.3552204506614,
            727.8633113435517,
            201.8960128382926,
            939.0979714598473,
            409.1760012512953,
            493.76613897674275,
            864.5056390793526,
            237.41314201197875,
            1154.2083867309232
        ],
        [
            103.5760590097924,
            703.7364563528026,
            159.7310239120754,
            182.22239159883728,
            554.7071299343465,
            0,
            417.71282000915414,
            369.95675422946397,
            181.3201588351389,
            216.03703386225246,
            442.5494322671762,
            924.0091990884074,
            350.28702516650543,
            133.75350462698165,
            683.0117129303128,
            543.3323108374836,
            563.7987229499548,
            482.27067088928396,
            65.0,
            615.410432150772,
            540.8040310500653,
            959.2940112395156
        ],
        [
            487.20016420358485,
            725.1599823487228,
            308.3018001893599,
            411.17514516322603,
            152.21038072352357,
            417.71282000915414,
            0,
            446.9720349194119,
            518.5990744303349,
            616.7171150535713,
            748.3541942155466,
            989.4872409485632,
            753.8176171992799,
            403.3385674591508,
            620.0201609625287,
            270.04073766748604,
            790.2411024491197,
            298.7189314389029,
            361.0387790805858,
            726.8190971624232,
            295.9408724728641,
            1030.9398624556138
        ],
        [
            470.425339453563,
            339.53644870617353,
            246.48326515201796,
            190.0026315607234,
            591.9797293826875,
            369.95675422946397,
            446.9720349194119,
            0,
            274.0894014733149,
            405.1913128387626,
            362.29545953544596,
            581.9286897893933,
            505.0990001969911,
            237.25513693068902,
            316.82960720235724,
            698.0902520448197,
            351.51813608973293,
            251.6445906432324,
            382.1426435246399,
            288.91867367825154,
            714.6362711197914,
            620.8904895390169
        ],
        [
            248.56588663772834,
            572.2237324683414,
            210.2974084481309,
            120.41594578792295,
            668.4676506757826,
            181.3201588351389,
            518.5990744303349,
            274.0894014733149,
            0,
            133.13526955694348,
            263.4331034627197,
            768.0052083156728,
            252.98221281347034,
            115.26057435220423,
            585.2606257044805,
            696.8105911939055,
            384.8792018283139,
            472.6034278335273,
            235.44001359157284,
            460.8177513941927,
            699.7156565348528,
            800.7309161010332
        ],
        [
            224.58851261807672,
