{
    "depot": [
        59,
        811
    ],
    "final_destination": [
        82,
        296
    ],
    "requests": [
        [
            [
                661,
                790
            ],
            [
                173,
                12
            ]
        ],
        [
            [
                350,
                970
            ],
            [
                442,
                550
            ]
        ],
        [
            [
                399,
                807
            ],
            [
                916,
                458
            ]
        ],
        [
            [
                490,
                328
            ],
            [
                149,
                887
            ]
        ],
        [
            [
                945,
                145
            ],
            [
                745,
                300
            ]
        ],
        [
            [
                655,
                724
            ],
            [
                104,
                986
            ]
        ],
        [
            [
                316,
                326
            ],
            [
                927,
                408
            ]
        ],
        [
            [
                53,
                337
            ],
            [
                392,
                798
            ]
        ],
        [
            [
                666,
                921
            ],
            [
                267,
                315
            ]
        ],
        [
            [
                620,
                635
            ],
            [
                68,
                422
            ]
        ]
    ],
    "travel_costs": [
        [
            0,
            602.3661677086455,
            331.60518693168837,
            340.02352859765455,
            647.3407139984322,
            1108.400649584797,
            602.3163620556891,
            548.8843229679638,
            474.0379731624883,
            616.8865373794439,
            587.9600326552818,
            807.0916924364913,
            463.4759972209996,
            926.8538180317324,
            117.79643458101778,
            855.4045826391159,
            180.6931099959265,
            956.9916405068541,
            333.253657144224,
            537.8475620470916,
            389.10409918169717,
            515.5133363939287
        ],
        [
            602.3661677086455,
            0,
            359.3341063689891,
            262.5509474368737,
            492.630693319042,
            704.7559861398837,
            66.27216610312357,
            578.2049809539866,
            758.2037984605458,
            131.09538512091112,
            160.3309078125612,
            918.3833622186324,
            324.9015235421342,
            418.62751940119756,
            521.1074745194123,
            497.14786532781164,
            590.4786194266478,
            465.48899020277594,
            269.1189328159578,
            617.1393683763822,
            697.9061541496822,
            761.1024898132971
        ],
        [
            331.60518693168837,
            359.3341063689891,
            0,
            170.20575783445165,
            657.0875131974431,
            1017.1774673084338,
            391.8430808372147,
            644.8968909833571,
            699.212414077439,
            319.77648443874045,
            430.2615483633182,
            974.2140421899081,
            429.9581374971289,
            763.2168761236874,
            217.4626404695758,
            777.7692459849516,
            246.51977608297472,
            805.4644622824771,
            177.05366418123066,
            660.2378359349001,
            616.3018740844458,
            725.3275122315436
        ],
        [
            340.02352859765455,
            262.5509474368737,
            170.20575783445165,
            0,
            487.5674312338756,
            858.1142115126634,
            269.1189328159578,
            488.1085944746313,
            583.6231660926425,
            290.31879029783795,
            280.04463929880893,
            826.4992437988071,
            260.5724467398654,
            623.7707912366528,
            262.48809496813374,
            613.8118604263036,
            345.059415173677,
            661.8043517535979,
            11.40175425099138,
            509.399646642987,
            507.7263042230528,
            601.3401699537459
        ],
        [
            647.3407139984322,
            492.630693319042,
            657.0875131974431,
            487.5674312338756,
            0,
            490.4222670311779,
            428.99999999999994,
            174.01149387324966,
            437.0926675202868,
            618.5668920981788,
            333.3901618224509,
            447.59915102689814,
            227.12991876897237,
            445.39420741630664,
            654.7992058639046,
            256.5326489942362,
            762.863028334707,
            444.262309902607,
            480.10832111097596,
            223.37860237721966,
            432.3424568556736,
            409.25297799771727
        ],
        [
            1108.400649584797,
            704.7559861398837,
            1017.1774673084338,
            858.1142115126634,
            490.4222670311779,
            0,
            647.5654407085048,
            654.5242547071881,
            912.4297233211992,
            824.6314328231733,
            587.9838433154436,
            783.3728358833998,
            645.7816968604792,
            314.3405796266209,
            1088.2003492004585,
            253.03161857759991,
            1189.353605955773,
            263.6152499382386,
            855.6973764129466,
            698.9878396653264,
            919.7053876106195,
            876.1107235960533
        ],
        [
            602.3163620556891,
            66.27216610312357,
            391.8430808372147,
            269.1189328159578,
            428.99999999999994,
            647.5654407085048,
            0,
            522.8049349422785,
            715.6626300150093,
            197.3068675946177,
            95.63472172804185,
            859.8069550777082,
            275.0363612324741,
            372.6620452903676,
            531.6060571513459,
            433.44665185002873,
            610.1188408826595,
            416.9412428628283,
            273.2123716086078,
            563.7597005817283,
            660.1310475958543,
            715.2013702447723
        ],
        [
            548.8843229679638,
            578.2049809539866,
            644.8968909833571,
            488.1085944746313,
            174.01149387324966,
            654.5242547071881,
            522.8049349422785,
            0,
            263.22993750711566,
            690.3079023160607,
            433.47087560757757,
            345.02898428972605,
            257.00583650960147,
            614.3484353361698,
            585.328967333755,
            429.78715662523,
            693.2128100374373,
            616.4778990361293,
            478.0794912982568,
            50.21951811795887,
            265.9323222175146,
            235.91523901604998
        ],
        [
            474.0379731624883,
            758.2037984605458,
            699.212414077439,
            583.6231660926425,
            437.0926675202868,
            912.4297233211992,
            715.6626300150093,
            263.22993750711566,
            0,
            846.6551836491642,
            640.5411774429494,
            346.44624402640017,
            443.4974633523849,
            871.4413348011442,
            558.3153230926051,
            692.9884558923042,
            651.000768048702,
            876.879125079392,
            572.2254800338761,
            215.12786895239773,
            86.31338250816034,
            50.219518117958884
        ],
        [
            616.8865373794439,
