{
    "depot": [
        425,
        754
    ],
    "final_destination": [
        626,
        133
    ],
    "requests": [
        [
            [
                509,
                241
            ],
            [
                622,
                381
            ]
        ],
        [
            [
                541,
                571
            ],
            [
                334,
                895
            ]
        ],
        [
            [
                882,
                833
            ],
            [
                204,
                455
            ]
        ],
        [
            [
                690,
                686
            ],
            [
                947,
                774
            ]
        ],
        [
            [
                990,
                291
            ],
            [
                217,
                749
            ]
        ]
    ],
    "travel_costs": [
        [
            0,
            519.8317035349037,
            216.66794871415567,
            463.77796411645085,
            273.5854528296415,
            730.4751878058556,
            421.8269787483963,
            167.81537474260216,
            371.80909079795236,
            522.3830012548264,
            208.06008747474849,
            652.7189287894139
        ],
        [
            519.8317035349037,
            0,
            331.5478849276526,
            699.7092253214902,
            480.40191506695726,
            483.591769987869,
            179.91386828146406,
            677.008862571237,
            372.58690261467865,
            689.8789748934229,
            585.9419766495655,
            159.2262541165872
        ],
        [
            216.66794871415567,
            331.5478849276526,
            0,
            430.02906878489034,
            188.21795876058158,
            529.151207123257,
            206.54539452623968,
            384.48016853928885,
            356.40566774393477,
            453.9217994324573,
            369.6755334073382,
            446.1714916934967
        ],
        [
            463.77796411645085,
            699.7092253214902,
            430.02906878489034,
            0,
            241.81191037663962,
            552.6554080075576,
            521.4441484953111,
            551.4961468587065,
            776.2525362277408,
            87.78382538941898,
            670.2842680534878,
            745.3428741190191
        ],
        [
            273.5854528296415,
            480.40191506695726,
            188.21795876058158,
            241.81191037663962,
            0,
            496.0090724976712,
            312.488399784696,
            412.8159396147392,
            538.1050083394505,
            271.64867016055865,
            477.1771159642926,
            556.691117227498
        ],
        [
            730.4751878058556,
            483.591769987869,
            529.151207123257,
            552.6554080075576,
            496.0090724976712,
            0,
            378.8456149937597,
            891.712958299923,
            802.9271448892483,
            484.9103009835942,
            898.4948525172529,
            396.8122981965151
        ],
        [
            421.8269787483963,
            179.91386828146406,
            206.54539452623968,
            521.4441484953111,
            312.488399784696,
            378.8456149937597,
            0,
            589.1858789889656,
            424.4997055358225,
            509.9745091668798,
            547.2193344537453,
            248.0322559668399
        ],
        [
            167.81537474260216,
            677.008862571237,
            384.48016853928885,
            551.4961468587065,
            412.8159396147392,
            891.712958299923,
            589.1858789889656,
            0,
            458.80278987817843,
            624.8279763262844,
            187.09623192357455,
            816.0318621230423
        ],
        [
            371.80909079795236,
            372.58690261467865,
            356.40566774393477,
            776.2525362277408,
            538.1050083394505,
            802.9271448892483,
            424.4997055358225,
            458.80278987817843,
            0,
            808.5851841333725,
            294.2872746144488,
            530.818236310698
        ],
        [
            522.3830012548264,
            689.8789748934229,
            453.9217994324573,
            87.78382538941898,
            271.64867016055865,
            484.9103009835942,
            509.9745091668798,
            624.8279763262844,
            808.5851841333725,
            0,
            730.4279567486448,
            716.8835330791188
        ],
        [
            208.06008747474849,
            585.9419766495655,
            369.6755334073382,
            670.2842680534878,
            477.1771159642926,
            898.4948525172529,
            547.2193344537453,
            187.09623192357455,
            294.2872746144488,
            730.4279567486448,
            0,
            739.4166619707728
        ],
        [
            652.7189287894139,
            159.2262541165872,
            446.1714916934967,
            745.3428741190191,
            556.691117227498,
            396.8122981965151,
            248.0322559668399,
            816.0318621230423,
            530.818236310698,
            716.8835330791188,
            739.4166619707728,
            0
        ]
    ],
    "incompatibilities": [
        [
            0,
            1,
            1,
            0,
            0
        ],
        [
            1,
            0,
            0,
            0,
            0
        ],
        [
            1,
            0,
            0,
            0,
            0
        ],
        [
            0,
            0,
            0,
            0,
            0
        ],
        [
            0,
            0,
            0,
            0,
            0
        ]
    ]
}