{
    "depot": [
        959,
        121
    ],
    "final_destination": [
        966,
        551
    ],
    "requests": [
        [
            [
                905,
                702
            ],
            [
                121,
                125
            ]
        ],
        [
            [
                13,
                447
            ],
            [
                278,
                209
            ]
        ],
        [
            [
                421,
                698
            ],
            [
                766,
                918
            ]
        ],
        [
            [
                143,
                441
            ],
            [
                751,
                972
            ]
        ],
        [
            [
                780,
                90
            ],
            [
                12,
                279
            ]
        ],
        [
            [
                801,
                367
            ],
            [
                203,
                72
            ]
        ],
        [
            [
                290,
                872
            ],
            [
                55,
                465
            ]
        ],
        [
            [
                843,
                514
            ],
            [
                747,
                643
            ]
        ],
        [
            [
                837,
                505
            ],
            [
                320,
                286
            ]
        ],
        [
            [
                488,
                688
            ],
            [
                798,
                324
            ]
        ]
    ],
    "travel_costs": [
        [
            0,
            583.5040702514423,
            1000.5958224977757,
            788.9062048177844,
            876.5021391873495,
            181.6645259812713,
            292.36962906567436,
            1005.7643859274398,
            409.7621261170925,
            402.9143829649173,
            737.1092185015733,
            838.0095464850027,
            686.6622168140607,
            820.0353650910429,
            876.0507976139282,
            960.0900999385424,
            757.5862987145425,
            967.239370580003,
            563.4074901880521,
            659.9590896411686,
            259.09457732650446,
            430.05697296986125
        ],
        [
            583.5040702514423,
            0,
            927.7332590782762,
            484.01652864339246,
            805.4594961883558,
            624.6350934745822,
            350.7720057245162,
            638.0634764660958,
            197.95959183631388,
            208.40585404445818,
            417.23494580391986,
            973.4397772846556,
            797.6076729821498,
            256.8598839834668,
            310.83114387075176,
            988.118413956546,
            943.2412204733209,
            882.4222345340127,
            168.65645555388625,
            717.8307599984832,
            392.8523895816341,
            162.85576440519384
        ],
        [
            1000.5958224977757,
            927.7332590782762,
            0,
            479.02505153697336,
            130.1383878799795,
            846.0130022641496,
            792.0505034402794,
            507.3006997826832,
            832.6998258676412,
            826.0387400116292,
            532.6405917689714,
            339.6292095800948,
            356.1867487709222,
            888.1722805852478,
            905.6870320370057,
            168.00297616411441,
            420.38672671719786,
            45.69463863518345,
            759.7183688709916,
            346.6554485364394,
            794.577875352693,
            958.6579160472206
        ],
        [
            788.9062048177844,
            484.01652864339246,
            479.02505153697336,
            0,
            378.59344949430914,
            706.0771912475293,
            503.94543355407046,
            217.80036730914847,
            460.36941688170384,
            458.59023103419895,
            67.7421582177598,
            646.7835804965986,
            509.48012718849003,
            409.1760012512953,
            428.92423573400464,
            585.527112950374,
            662.8725367670621,
            433.87210096985956,
            330.6070174693816,
            424.19924563817887,
            531.0414296455598,
            564.4767488568506
        ],
        [
            876.5021391873495,
            805.4594961883558,
            130.1383878799795,
            378.59344949430914,
            0,
            727.303237996367,
            662.148019705564,
            455.3789630626342,
            703.7961352550893,
            696.944761082254,
            424.30413620420904,
            316.76489704511135,
            268.41944787961995,
            784.6387703905536,
            807.2329279706075,
            208.33866659840174,
            373.84622507121827,
            91.21403400793103,
            636.8830347873933,
            235.27430798963155,
            665.3675675895241,
            830.3186135454268
        ],
        [
            181.6645259812713,
            624.6350934745822,
            846.0130022641496,
            706.0771912475293,
            727.303237996367,
            0,
            277.7948883618991,
            922.8347631076757,
            428.6548728289461,
            418.8961685191212,
            665.4832830357199,
            659.9287840365807,
            515.911814169825,
            828.1183490298956,
            882.4766285857094,
            790.9140281977554,
            577.2806942900481,
            816.2413858657254,
            553.9837542744372,
            500.0159997440082,
            234.69128658729537,
            497.10864003756757
        ],
        [
            292.36962906567436,
            350.7720057245162,
            792.0505034402794,
            503.94543355407046,
            662.148019705564,
            277.7948883618991,
            0,
            718.4330170586538,
            152.88230767489088,
            142.61837188805654,
            448.34138778390735,
            721.7783593320044,
            546.3451290164487,
            552.110496187131,
            607.062599737457,
            793.8923100773807,
            666.8050689669358,
            752.4094629920598,
            281.2329994861912,
            487.7724879490437,
            43.10452412450461,
            247.14570601165622
        ],
        [
            1005.7643859274398,
            638.0634764660958,
            507.3006997826832,
            217.80036730914847,
            455.3789630626342,
            922.8347631076757,
            718.4330170586538,
            0,
            658.7662711462997,
            658.7093440964687,
            270.29613389761977,
            765.8785804551528,
            663.1085883925799,
            478.2175237274351,
            471.72131603310015,
            654.9297672269905,
            804.7167203432523,
            469.97233961159884,
            511.1653352879086,
            586.7674155915613,
            747.2402558749094,
            748.3428358713671
        ],
        [
            409.7621261170925,
            197.95959183631388,
            832.6998258676412,
            460.36941688170384,
            703.7961352550893,
            428.6548728289461,
            152.88230767489088,
            658.7662711462997,
            0,
            10.816653826391969,
            395.3492127221199,
            820.1249904740131,
            642.0669746996804,
            411.2724158024703,
            467.1487985642262,
            863.5890226259248,
            777.7943172844606,
            789.5220072930204,
            160.80111939908875,
            570.5374659038615,
            195.25624189766637,
            128.4445405612866
        ],
        [
