{
    "depot": [
        435,
        973
    ],
    "final_destination": [
        66,
        987
    ],
    "requests": [
        [
            [
                210,
                693
            ],
            [
                494,
                254
            ]
        ],
        [
            [
                3,
                431
            ],
            [
                302,
                883
            ]
        ],
        [
            [
                700,
                276
            ],
            [
                544,
                941
            ]
        ],
        [
            [
                825,
                480
            ],
            [
                518,
                205
            ]
        ],
        [
            [
                982,
                553
            ],
            [
                540,
                819
            ]
        ]
    ],
    "travel_costs": [
        [
            0,
            359.2005011132362,
            693.1002813446262,
            745.6768737194416,
            628.6087813576898,
            689.6441111181912,
            721.416661853606,
            160.58953888718906,
            113.6001760562016,
            772.4720059652648,
            186.38937737972086,
            369.2654871498283
        ],
        [
            359.2005011132362,
            0,
            333.9056753036702,
            643.4197696682936,
            650.8409944064679,
            784.5916135162291,
            522.8546643188716,
            211.10187114282053,
            416.0048076645269,
            577.0684534784414,
            353.23646470884063,
            327.37134877688976
        ],
        [
            693.1002813446262,
            333.9056753036702,
            0,
            714.0266101483893,
            823.4591671722405,
            986.5723490955946,
            521.9291139608903,
            541.9455692225927,
            743.4924343932494,
            562.4064366630239,
            662.5050943200363,
            559.557861172551
        ],
        [
            745.6768737194416,
            643.4197696682936,
            714.0266101483893,
            0,
            239.25091431382242,
            395.28850223602507,
            207.17142660125694,
            725.8464024847129,
            683.0527066046953,
            195.35864454894235,
            566.0821495154215,
            952.6158722171283
        ],
        [
            628.6087813576898,
            650.8409944064679,
            823.4591671722405,
            239.25091431382242,
            0,
            173.14156057977533,
            400.7954590561126,
            660.2560109533272,
            539.8907296851836,
            412.1577367950285,
            442.88373192069264,
            912.7595521275031
        ],
        [
            689.6441111181912,
            784.5916135162291,
            986.5723490955946,
            395.28850223602507,
            173.14156057977533,
            0,
            572.3154724450494,
            755.8438992278764,
            585.1392996543643,
            580.0,
            515.8682002217233,
            1013.6133385073422
        ],
        [
            721.416661853606,
            522.8546643188716,
            521.9291139608903,
            207.17142660125694,
            400.7954590561126,
            572.3154724450494,
            0,
            657.6511233169149,
            688.8171019944265,
            54.56189146281496,
            566.869473512201,
            848.8068095862568
        ],
        [
            160.58953888718906,
            211.10187114282053,
            541.9455692225927,
            725.8464024847129,
            660.2560109533272,
            755.8438992278764,
            657.6511233169149,
            0,
            248.85337048149458,
            711.575716280425,
            246.45486402179205,
            257.8992051170379
        ],
        [
            113.6001760562016,
            416.0048076645269,
            743.4924343932494,
            683.0527066046953,
            539.8907296851836,
            585.1392996543643,
            688.8171019944265,
            248.85337048149458,
            0,
            736.4590959449139,
            122.06555615733703,
            480.20828814171875
        ],
        [
            772.4720059652648,
            577.0684534784414,
            562.4064366630239,
            195.35864454894235,
            412.1577367950285,
            580.0,
            54.56189146281496,
            711.575716280425,
            736.4590959449139,
            0,
            614.3940103874712,
            903.2319746333166
        ],
        [
            186.38937737972086,
            353.23646470884063,
            662.5050943200363,
            566.0821495154215,
            442.88373192069264,
            515.8682002217233,
            566.869473512201,
            246.45486402179205,
            122.06555615733703,
            614.3940103874712,
            0,
            502.8916384272063
        ],
        [
            369.2654871498283,
            327.37134877688976,
            559.557861172551,
            952.6158722171283,
            912.7595521275031,
            1013.6133385073422,
            848.8068095862568,
            257.8992051170379,
            480.20828814171875,
            903.2319746333166,
            502.8916384272063,
            0
        ]
    ]
}