{
    "depot": [
        113,
        530
    ],
    "final_destination": [
        638,
        191
    ],
    "requests": [
        [
            [
                565,
                111
            ],
            [
                487,
                427
            ]
        ],
        [
            [
                573,
                883
            ],
            [
                785,
                338
            ]
        ],
        [
            [
                659,
                77
            ],
            [
                131,
                57
            ]
        ],
        [
            [
                404,
                907
            ],
            [
                413,
                538
            ]
        ],
        [
            [
                485,
                347
            ],
            [
                775,
                437
            ]
        ]
    ],
    "travel_costs": [
        [
            0,
            616.3318911106256,
            579.8353214491163,
            709.4540154231281,
            476.24573488903815,
            414.5756866966513,
            387.9239616213466,
            698.8905493709298,
            473.3423708057414,
            300.1066477104431,
            668.5005609571318,
            624.9367968042848
        ],
        [
            616.3318911106256,
            0,
            772.0414496644594,
            99.95999199679841,
            812.1188336690635,
            249.19069003476034,
            325.48425461149424,
            316.1154852265229,
            437.34654451590217,
            453.2471731847867,
            387.7834447214063,
            108.30050784737807
        ],
        [
            579.8353214491163,
            772.0414496644594,
            0,
            810.5751044782958,
            170.69563556224864,
            543.1758462965746,
            464.0387914819191,
            584.7811556471361,
            936.8244232512302,
            380.29593739612835,
            489.6120913539616,
            695.0460416404082
        ],
        [
            709.4540154231281,
            99.95999199679841,
            810.5751044782958,
            0,
            868.2885465097418,
            321.21021154378013,
            389.9794866400026,
            289.8223593858831,
            528.3786521047192,
            522.5294250087741,
            378.2274448000832,
            115.91807451816993
        ],
        [
            476.24573488903815,
            812.1188336690635,
            170.69563556224864,
            868.2885465097418,
            0,
            565.8277122941223,
            487.12318770512246,
            684.7787964007063,
            892.7648066540257,
            369.10973977937783,
            598.782932288488,
            753.2675487501104
        ],
        [
            414.5756866966513,
            249.19069003476034,
            543.1758462965746,
            321.21021154378013,
            565.8277122941223,
            0,
            80.02499609497023,
            300.13496963866106,
            457.6199296359371,
            204.12006270820123,
            303.64452901377956,
            218.50629281556172
        ],
        [
            387.9239616213466,
            325.48425461149424,
            464.0387914819191,
            389.9794866400026,
            487.12318770512246,
            80.02499609497023,
            0,
            311.00643080167976,
            513.4549639452325,
            133.4053971921676,
            288.1735588148226,
            280.17316074170986
        ],
        [
            698.8905493709298,
            316.1154852265229,
            584.7811556471361,
            289.8223593858831,
            684.7787964007063,
            300.13496963866106,
            311.00643080167976,
            0,
            711.8124753051185,
            422.3553006652101,
            99.50376877284599,
            207.88939366884497
        ],
        [
            473.3423708057414,
            437.34654451590217,
            936.8244232512302,
            528.3786521047192,
            892.7648066540257,
            457.6199296359371,
            513.4549639452325,
            711.8124753051185,
            0,
            557.5706233294577,
            747.7539702335255,
            524.4091913763526
        ],
        [
            300.1066477104431,
            453.2471731847867,
            380.29593739612835,
            522.5294250087741,
            369.10973977937783,
            204.12006270820123,
            133.4053971921676,
            422.3553006652101,
            557.5706233294577,
            0,
            375.8257574994029,
            413.56257084025384
        ],
        [
            668.5005609571318,
            387.7834447214063,
            489.6120913539616,
            378.2274448000832,
            598.782932288488,
            303.64452901377956,
            288.1735588148226,
            99.50376877284599,
            747.7539702335255,
            375.8257574994029,
            0,
            281.5759222660915
        ],
        [
            624.9367968042848,
            108.30050784737807,
            695.0460416404082,
            115.91807451816993,
            753.2675487501104,
            218.50629281556172,
            280.17316074170986,
            207.88939366884497,
            524.4091913763526,
            413.56257084025384,
            281.5759222660915,
            0
        ]
    ]
}