{
    "depot": [
        394,
        348
    ],
    "final_destination": [
        128,
        147
    ],
    "requests": [
        [
            [
                194,
                495
            ],
            [
                482,
                686
            ]
        ],
        [
            [
                23,
                558
            ],
            [
                563,
                660
            ]
        ],
        [
            [
                668,
                496
            ],
            [
                579,
                509
            ]
        ],
        [
            [
                945,
                222
            ],
            [
                286,
                253
            ]
        ],
        [
            [
                986,
                881
            ],
            [
                554,
                443
            ]
        ]
    ],
    "travel_costs": [
        [
            0,
            248.21160327430306,
            426.3109194003832,
            311.41612032776976,
            565.2229648554629,
            796.5883504043979,
            349.2678055590008,
            354.8309456628607,
            245.24681445433697,
            143.8367129769031,
            186.07794065928397,
            333.4021595610922
        ],
        [
            248.21160327430306,
            0,
            182.2361105818493,
            474.00105485114693,
            799.0807218297786,
            881.0561843605661,
            345.5792239125495,
            404.21034128285237,
            385.2544613628764,
            258.897663179875,
            363.7361681218957,
            354.2033314354906
        ],
        [
            426.3109194003832,
            182.2361105818493,
            0,
            647.9729932643799,
            981.3154436775159,
            1015.7253565802126,
            476.5133786159629,
            549.5489059219389,
            558.1549963943708,
            402.73316227993945,
            543.3102244574457,
            424.20042432793485
        ],
        [
            311.41612032776976,
            474.00105485114693,
            647.9729932643799,
            0,
            389.62161131025573,
            499.3485756463115,
            265.88719412562915,
            194.73315074737533,
            89.94442728707544,
            452.73943941300274,
            125.71793825862719,
            642.9626738777299
        ],
        [
            565.2229648554629,
            799.0807218297786,
            981.3154436775159,
            389.62161131025573,
            0,
            660.27418547146,
            655.488367555062,
            581.1781138343047,
            465.10751445230375,
            659.7287321316239,
            449.1347236631788,
            820.4352503397206
        ],
        [
            796.5883504043979,
            881.0561843605661,
            1015.7253565802126,
            499.3485756463115,
            660.27418547146,
            0,
            540.408179064677,
            477.25255368620077,
            551.3918751668364,
            940.4169288140234,
            615.1975292538162,
            1129.1235539125025
        ],
        [
            349.2678055590008,
            345.5792239125495,
            476.5133786159629,
            265.88719412562915,
            655.488367555062,
            540.408179064677,
            0,
            85.07055894961546,
            201.836567549094,
            475.29464545689973,
            253.44230112591703,
            644.8542470977453
        ],
        [
            354.8309456628607,
            404.21034128285237,
            549.5489059219389,
            194.73315074737533,
            581.1781138343047,
            477.25255368620077,
            85.07055894961546,
            0,
            151.8453160291749,
            492.31900227393214,
            217.18655575334307,
            672.6024085594698
        ],
        [
            245.24681445433697,
            385.2544613628764,
            558.1549963943708,
            89.94442728707544,
            465.10751445230375,
            551.3918751668364,
            201.836567549094,
            151.8453160291749,
            0,
            389.0822535146007,
            70.57619995437555,
            578.3121994217311
        ],
        [
            143.8367129769031,
            258.897663179875,
            402.73316227993945,
            452.73943941300274,
            659.7287321316239,
            940.4169288140234,
            475.29464545689973,
            492.31900227393214,
            389.0822535146007,
            0,
            328.5178838358728,
            190.2629759044045
        ],
        [
            186.07794065928397,
            363.7361681218957,
            543.3102244574457,
            125.71793825862719,
            449.1347236631788,
            615.1975292538162,
            253.44230112591703,
            217.18655575334307,
            70.57619995437555,
            328.5178838358728,
            0,
            518.7407830506485
        ],
        [
            333.4021595610922,
            354.2033314354906,
            424.20042432793485,
            642.9626738777299,
            820.4352503397206,
            1129.1235539125025,
            644.8542470977453,
            672.6024085594698,
            578.3121994217311,
            190.2629759044045,
            518.7407830506485,
            0
        ]
    ]
}