{
    "depot": [
        96,
        965
    ],
    "final_destination": [
        406,
        770
    ],
    "requests": [
        [
            [
                129,
                66
            ],
            [
                973,
                544
            ]
        ],
        [
            [
                331,
                190
            ],
            [
                12,
                593
            ]
        ],
        [
            [
                532,
                773
            ],
            [
                641,
                791
            ]
        ],
        [
            [
                347,
                205
            ],
            [
                70,
                938
            ]
        ],
        [
            [
                35,
                264
            ],
            [
                825,
                889
            ]
        ]
    ],
    "travel_costs": [
        [
            0,
            899.605469080752,
            809.8456643089472,
            476.40319058545356,
            800.3755368575429,
            703.6490602566026,
            972.8155015212288,
            381.36596596969684,
            572.1022635858033,
            37.48332962798262,
            732.9508851212338,
            366.23080154459973
        ],
        [
            899.605469080752,
            0,
            237.0232056149777,
            813.7923568085411,
            258.54400012377005,
            219.1802910847597,
            969.9587620100145,
            539.8314551783732,
            887.5635188537212,
            873.9937070711666,
            1077.8427529097182,
            756.5348637042446
        ],
        [
            809.8456643089472,
            237.0232056149777,
            0,
            616.6765764969512,
            21.93171219946131,
            305.1098162957069,
            733.1302749170845,
            513.9747075489221,
            676.2403418903667,
            792.2278712592733,
            855.9421709438086,
            584.8290348469371
        ],
        [
            476.40319058545356,
            813.7923568085411,
            616.6765764969512,
            0,
            597.3683955483416,
            711.4000281135783,
            496.91246714084366,
            550.2726596879041,
            110.47624178980746,
            490.5802686615107,
            315.12695854210887,
            126.03570922560002
        ],
        [
            800.3755368575429,
            258.54400012377005,
            21.93171219946131,
            597.3683955483416,
            0,
            317.52952618614853,
            711.8967621783372,
            512.6099881976551,
            655.6157411167002,
            783.5930066048318,
            834.4698916078398,
            568.072178512555
        ],
        [
            703.6490602566026,
            219.1802910847597,
            305.1098162957069,
            711.4000281135783,
            317.52952618614853,
            0,
            978.8993819591469,
            329.8029714844911,
            803.0971298666183,
            674.9081418978438,
            1007.3355945264716,
            627.4368494119548
        ],
        [
            972.8155015212288,
            969.9587620100145,
            733.1302749170845,
            496.91246714084366,
            711.8967621783372,
            978.8993819591469,
            0,
            962.2484086762628,
            413.8030932702171,
            985.213174901757,
            375.40511450964544,
            610.3810285387317
        ],
        [
            381.36596596969684,
            539.8314551783732,
            513.9747075489221,
            550.2726596879041,
            512.6099881976551,
            329.8029714844911,
            962.2484086762628,
            0,
            659.4277822476089,
            349.84139263386203,
            865.2080674612321,
            431.9317075649807
        ],
        [
            572.1022635858033,
            887.5635188537212,
            676.2403418903667,
            110.47624178980746,
            655.6157411167002,
            803.0971298666183,
            413.8030932702171,
            659.4277822476089,
            0,
            589.6185207403173,
            208.4706214314142,
            235.93643211678858
        ],
        [
            37.48332962798262,
            873.9937070711666,
            792.2278712592733,
            490.5802686615107,
            783.5930066048318,
            674.9081418978438,
            985.213174901757,
            349.84139263386203,
            589.6185207403173,
            0,
            756.5883953643487,
            375.65942021996466
        ],
        [
            732.9508851212338,
            1077.8427529097182,
            855.9421709438086,
            315.12695854210887,
            834.4698916078398,
            1007.3355945264716,
            375.40511450964544,
            865.2080674612321,
            208.4706214314142,
            756.5883953643487,
            0,
            435.57088975274735
        ],
        [
            366.23080154459973,
            756.5348637042446,
            584.8290348469371,
            126.03570922560002,
            568.072178512555,
            627.4368494119548,
            610.3810285387317,
            431.9317075649807,
            235.93643211678858,
            375.65942021996466,
            435.57088975274735,
            0
        ]
    ]
}