{
    "depot": [
        153,
        183
    ],
    "final_destination": [
        327,
        166
    ],
    "requests": [
        [
            [
                841,
                801
            ],
            [
                839,
                758
            ]
        ],
        [
            [
                492,
                297
            ],
            [
                975,
                932
            ]
        ],
        [
            [
                100,
                511
            ],
            [
                547,
                163
            ]
        ],
        [
            [
                873,
                393
            ],
            [
                864,
                209
            ]
        ],
        [
            [
                614,
                515
            ],
            [
                346,
                403
            ]
        ]
    ],
    "travel_costs": [
        [
            0,
            924.8070068938708,
            357.6548615634911,
            332.2544205875973,
            750.0,
            568.1065040993634,
            895.1094905094014,
            1112.0633974733635,
            394.50728763864424,
            711.4752279594842,
            292.65850406232863,
            174.82848738120458
        ],
        [
            924.8070068938708,
            0,
            613.0391504626764,
            795.7267118804043,
            409.25297799771727,
            365.1369606051954,
            43.046486500061775,
            187.39530410338463,
            702.4813164775275,
            592.4466220681826,
            635.1606096098844,
            816.9583832729792
        ],
        [
            357.6548615634911,
            613.0391504626764,
            0,
            446.60944907155744,
            392.9083862683513,
            249.81593223811808,
            577.0008665504757,
            797.8182750476452,
            144.8481963988506,
            382.26692245079226,
            180.4217281815026,
            210.67985190805504
        ],
        [
            332.2544205875973,
            795.7267118804043,
            446.60944907155744,
            0,
            781.9546022628168,
            514.0155639666956,
            779.185472143828,
            971.0128732411326,
            566.4918357752387,
            821.5229759416349,
            268.66335812685736,
            412.9818397944394
        ],
        [
            750.0,
            409.25297799771727,
            392.9083862683513,
            781.9546022628168,
            0,
            286.29530209208815,
            366.5801413060997,
            548.5663132201976,
            398.968670449197,
            184.2199772011711,
            527.0948681214795,
            591.3078724319506
        ],
        [
            568.1065040993634,
            365.1369606051954,
            249.81593223811808,
            514.0155639666956,
            286.29530209208815,
            0,
            331.17065087353376,
            551.5523547225595,
            358.3196896627368,
            395.1404813480897,
            290.4617014341133,
            451.8517455980446
        ],
        [
            895.1094905094014,
            43.046486500061775,
            577.0008665504757,
            779.185472143828,
            366.5801413060997,
            331.17065087353376,
            0,
            220.8438362282271,
            662.7888049748577,
            549.5689219743052,
            607.5146088778442,
            782.6927877526406
        ],
        [
            1112.0633974733635,
            187.39530410338463,
            797.8182750476452,
            971.0128732411326,
            548.5663132201976,
            551.5523547225595,
            220.8438362282271,
            0,
            880.0823825074559,
            731.4711204141964,
            821.8771197691295,
            1003.3244739365227
        ],
        [
            394.50728763864424,
            702.4813164775275,
            144.8481963988506,
            566.4918357752387,
            398.968670449197,
            358.3196896627368,
            662.7888049748577,
            880.0823825074559,
            0,
            320.3201523476161,
            313.0511140373086,
            220.02045359466013
        ],
        [
            711.4752279594842,
            592.4466220681826,
            382.26692245079226,
            821.5229759416349,
            184.2199772011711,
            395.1404813480897,
            549.5689219743052,
            731.4711204141964,
            320.3201523476161,
            0,
            553.1365111796545,
            538.7188506076245
        ],
        [
            292.65850406232863,
            635.1606096098844,
            180.4217281815026,
            268.66335812685736,
            527.0948681214795,
            290.4617014341133,
            607.5146088778442,
            821.8771197691295,
            313.0511140373086,
            553.1365111796545,
            0,
            237.76038357977131
        ],
        [
            174.82848738120458,
            816.9583832729792,
            210.67985190805504,
            412.9818397944394,
            591.3078724319506,
            451.8517455980446,
            782.6927877526406,
            1003.3244739365227,
            220.02045359466013,
            538.7188506076245,
            237.76038357977131,
            0
        ]
    ]
}