{
    "depot": [
        951,
        744
    ],
    "final_destination": [
        711,
        846
    ],
    "requests": [
        [
            [
                829,
                85
            ],
            [
                502,
                814
            ]
        ],
        [
            [
                151,
                577
            ],
            [
                468,
                162
            ]
        ],
        [
            [
                632,
                921
            ],
            [
                68,
                943
            ]
        ],
        [
            [
                223,
                959
            ],
            [
                249,
                318
            ]
        ],
        [
            [
                369,
                312
            ],
            [
                311,
                566
            ]
        ],
        [
            [
                707,
                112
            ],
            [
                503,
                391
            ]
        ],
        [
            [
                39,
                687
            ],
            [
                741,
                334
            ]
        ],
        [
            [
                600,
                915
            ],
            [
                430,
                448
            ]
        ],
        [
            [
                692,
                180
            ],
            [
                513,
                563
            ]
        ],
        [
            [
                855,
                111
            ],
            [
                663,
                568
            ]
        ]
    ],
    "travel_costs": [
        [
            0,
            670.197732016455,
            817.2447613781321,
            364.8150216205467,
            759.0843167922784,
            724.8089403422118,
            677.4658662988121,
            913.7795138872398,
            390.43821534270955,
            620.6262965746779,
            640.2382369087308,
            454.42381099585884,
            756.3154103943672,
            905.14639699885,
            821.1455413019058,
            664.2921044239499,
            570.3621656456536,
            460.65171225124084,
            599.213651379873,
            473.92509956743163,
            337.5203697556638,
            260.7757657452088
        ],
        [
            670.197732016455,
            0,
            837.7040050041542,
            858.8975491873289,
            1063.5374934622662,
            512.9610121636925,
            124.95199078045937,
            993.229077302915,
            861.0116143235235,
            166.715326230074,
            36.76955262170048,
            798.9806005154318,
            369.12057650583495,
            1146.8587532909187,
            625.0511979030198,
            706.8840074580836,
            447.11519768399734,
            264.09278672466615,
            539.4163512538343,
            573.0095985234453,
            510.72986989209863,
            770.0941500881564
        ],
        [
            817.2447613781321,
            837.7040050041542,
            0,
            591.3518411233705,
            388.72612466876984,
            343.1457416317446,
            724.8179081672859,
            156.98407562552325,
            562.0008896790112,
            671.0365116742904,
            844.2582543274303,
            423.5209557979392,
            522.220260043595,
            375.2932186970609,
            276.9205662279347,
            160.37767924496225,
            398.1205847478877,
            638.0822830952134,
            307.37924458232374,
            362.270617080657,
            512.0790954530364,
            621.2575955270084
        ],
        [
            364.8150216205467,
            858.8975491873289,
            591.3518411233705,
            0,
            410.7614879708174,
            663.3626459185051,
            812.4690763346013,
            637.4990196070894,
            32.55764119219941,
            743.4251811715824,
            840.1362984659097,
            168.37161280928564,
            776.5159367327884,
            564.4289149219767,
            714.3514541176493,
            478.6083994248325,
            545.4731890753203,
            597.0343373709755,
            514.3277165387843,
            377.25985739275256,
            354.3585754571209,
            108.93117092916977
        ],
        [
            759.0843167922784,
            1063.5374934622662,
            388.72612466876984,
            410.7614879708174,
            0,
            663.2684222846735,
            975.5331875441244,
            328.3900120283807,
            379.55895457754656,
            909.2865334975548,
            1057.6048411386928,
            314.4296423685273,
            833.8069320891976,
            155.82361823549087,
            641.527084385375,
            402.73192076119324,
            633.2645576692256,
            811.7567369600329,
            551.3347440530118,
            490.83194680053174,
            588.6263670614832,
            500.9121679496316
        ],
        [
            724.8089403422118,
            512.9610121636925,
            343.1457416317446,
            663.3626459185051,
            663.2684222846735,
            0,
            392.73909914853147,
            499.52477416040136,
            645.7321426102312,
            348.93122531524745,
            525.9248995816798,
            519.3197473618734,
            179.7247896090019,
            699.1151550352774,
            120.14990636700472,
            260.53790511171303,
            155.5538491969903,
            372.6499698108133,
            149.05368160498418,
            289.3734611190183,
            389.8358628961681,
            634.1293243495369
        ],
        [
            677.4658662988121,
            124.95199078045937,
            724.8179081672859,
            812.4690763346013,
            975.5331875441244,
            392.73909914853147,
            0,
            881.3903788900807,
            810.0975249931332,
            69.63476143421474,
            148.00337833982033,
            731.3200393808445,
            244.17411820256464,
            1048.2757270871057,
            502.1951811795888,
            602.4383785915369,
            345.6255198911099,
            224.5885126180767,
            435.4595273960601,
            490.9551914380782,
            458.11788875790484,
            734.0108991016414
        ],
        [
            913.7795138872398,
            993.229077302915,
            156.98407562552325,
            637.4990196070894,
            328.3900120283807,
            499.52477416040136,
            881.3903788900807,
            0,
            605.5617227005022,
            826.7151867481327,
            998.815298240871,
            480.1020724804257,
            677.9867255337674,
            257.6373420139247,
            424.5715487406098,
            297.6995129320839,
            550.3744180101397,
            785.7563235507557,
            458.25975166929067,
            489.9510179599589,
            635.2456217873524,
            690.5541253225557
        ],
        [
            390.43821534270955,
            861.0116143235235,
            562.0008896790112,
            32.55764119219941,
            379.55895457754656,
            645.7321426102312,
            810.0975249931332,
            605.5617227005022,
            0,
            740.7354453514425,
            843.469620081245,
            140.73023839957068,
            764.4821776863082,
            532.7363325323325,
            692.538807576875,
            453.1247068964569,
            532.9024300939151,
            597.8645331511144,
            496.9798788683501,
            362.59205727649356,
            352.67265275322956,
            130.6981254647518
        ],
        [
            620.6262965746779,
