{
    "depot": [
        277,
        186
    ],
    "final_destination": [
        269,
        658
    ],
    "requests": [
        [
            [
                698,
                17
            ],
            [
                256,
                930
            ]
        ],
        [
            [
                799,
                716
            ],
            [
                402,
                75
            ]
        ],
        [
            [
                376,
                772
            ],
            [
                560,
                454
            ]
        ],
        [
            [
                283,
                244
            ],
            [
                413,
                722
            ]
        ],
        [
            [
                892,
                957
            ],
            [
                496,
                49
            ]
        ],
        [
            [
                648,
                671
            ],
            [
                555,
                191
            ]
        ],
        [
            [
                119,
                144
            ],
            [
                307,
                658
            ]
        ],
        [
            [
                362,
                767
            ],
            [
                298,
                810
            ]
        ],
        [
            [
                725,
                29
            ],
            [
                661,
                545
            ]
        ],
        [
            [
                305,
                691
            ],
            [
                321,
                466
            ]
        ]
    ],
    "travel_costs": [
        [
            0,
            453.65405321676565,
            743.8978424488137,
            594.3037943678299,
            58.309518948453,
            986.2383079154855,
            610.6275460540575,
            163.48700254148645,
            587.1848090678096,
            474.7135978671771,
            505.77564195995046,
            744.2963119618422,
            167.17057157286985,
            389.76018267647606,
            552.9846290811346,
            258.3215051055564,
            278.044960393099,
            472.95242889745265,
            624.3532653874729,
            525.6776578855145,
            283.43605980891,
            472.0677917418218
        ],
        [
            453.65405321676565,
            0,
            706.2591592326431,
            820.7977826480771,
            473.02642632309664,
            959.8103979432605,
            655.9085302082905,
            592.7647088010553,
            821.8247988470534,
            29.546573405388315,
            780.2083055184685,
            1014.3633471296172,
            301.6289110811495,
            458.2717534389393,
            760.4275113381946,
            204.51894777746145,
            225.22211259110418,
            750.8408619674344,
            888.1717176312249,
            529.2948138797507,
            586.2849136725249,
            771.3118694795251
        ],
        [
            743.8978424488137,
            706.2591592326431,
            0,
            426.6907545283821,
            699.3139495248182,
            258.32150510555635,
            157.56268593801008,
            888.585392632582,
            439.9659077701362,
            690.9739503049301,
            494.63218657907817,
            583.6480103624101,
            753.9827584235597,
            354.6336137480484,
            386.04662930791153,
            732.5967512895481,
            578.9309112493476,
            495.406903464213,
            509.7420916502776,
            219.73848092675985,
            539.4293280866364,
            533.1641398293775
        ],
        [
            594.3037943678299,
            820.7977826480771,
            426.6907545283821,
            0,
            536.1277832755918,
            548.1614725607775,
            290.1465147128257,
            678.5521350640641,
            14.866068747318506,
            820.8836701993773,
            107.71258050942795,
            198.40362899906847,
            697.4847668587464,
            367.396243856684,
            62.20128616033595,
            732.8908513550978,
            607.9490110198387,
            133.25539388707688,
            86.76404785393545,
            364.3542232498479,
            310.90352201285856,
            156.348968656656
        ],
        [
            58.309518948453,
            473.02642632309664,
            699.3139495248182,
            536.1277832755918,
            0,
            937.683315410912,
            561.7419336314497,
            192.08331525668748,
            528.9328879924182,
            491.51703937910435,
            447.54105956884,
            686.5311354920475,
            206.69300907384363,
            347.60466049810094,
            495.3624935337757,
            288.7801932266131,
            277.1154993860863,
            414.6950686950593,
            566.1987283631075,
            483.2028559518248,
            225.22877258467668,
            414.23664734062345
        ],
        [
            986.2383079154855,
            959.8103979432605,
            258.32150510555635,
            548.1614725607775,
            937.683315410912,
            0,
            375.9414848084739,
            1121.8279725519417,
            563.0275304103699,
            942.9066761880521,
            644.4571358903554,
            636.5728552176884,
            1008.971753816726,
            602.6881448975083,
            533.5410012360812,
            990.595780326163,
            836.8542286443918,
            656.9824959616503,
            611.9191123016178,
            472.3399199728941,
            753.0750294625363,
            691.0354549514807
        ],
        [
            610.6275460540575,
            655.9085302082905,
            157.56268593801008,
            290.1465147128257,
            561.7419336314497,
            375.9414848084739,
            0,
            746.7061001491818,
            301.6819517306264,
            646.6011135158986,
            343.582595601116,
            469.83507744739535,
            644.7728282116113,
            234.1644721130855,
            240.47037239543667,
            640.3030532490064,
            488.9263748254946,
            341.2477106150311,
            376.59129039317946,
            126.66885963013958,
            385.9455920204298,
            379.22288960451743
        ],
        [
            163.48700254148645,
            592.7647088010553,
            888.585392632582,
            678.5521350640641,
            192.08331525668748,
            1121.8279725519417,
            746.7061001491818,
            0,
            668.7136906030861,
            616.8152073352278,
            577.7586001090767,
            797.8502365732556,
            291.29023327259017,
            539.0556557536523,
            648.4751344500419,
            388.7852877874882,
            438.525939939703,
            547.3024757846433,
            689.6354109237722,
            674.214357604464,
            380.11577183800205,
            535.4400059763932
        ],
        [
            587.1848090678096,
            821.8247988470534,
            439.9659077701362,
            14.866068747318506,
            528.9328879924182,
            563.0275304103699,
            301.6819517306264,
            668.7136906030861,
            0,
            822.4433111163346,
            95.0,
            194.4350791395421,
            693.1551052975084,
            370.36873518157546,
            68.0147042925278,
            730.3971522397934,
            607.4742792909013,
            122.09013064126029,
            77.10382610480494,
            372.4043501357093,
            303.7795253140014,
            143.28293687665675
        ],
        [
            474.7135978671771,
