{
    "depot": [
        274,
        786
    ],
    "final_destination": [
        67,
        334
    ],
    "requests": [
        [
            [
                130,
                75
            ],
            [
                297,
                722
            ]
        ],
        [
            [
                175,
                114
            ],
            [
                823,
                68
            ]
        ],
        [
            [
                83,
                277
            ],
            [
                380,
                231
            ]
        ],
        [
            [
                725,
                122
            ],
            [
                173,
                760
            ]
        ],
        [
            [
                456,
                926
            ],
            [
                518,
                122
            ]
        ],
        [
            [
                330,
                376
            ],
            [
                861,
                79
            ]
        ],
        [
            [
                267,
                257
            ],
            [
                838,
                736
            ]
        ],
        [
            [
                847,
                750
            ],
            [
                755,
                641
            ]
        ],
        [
            [
                884,
                759
            ],
            [
                289,
                657
            ]
        ],
        [
            [
                998,
                669
            ],
            [
                756,
                549
            ]
        ]
    ],
    "travel_costs": [
        [
            0,
            725.4357311299188,
            679.2532664625177,
            543.6561413246428,
            802.6811322063078,
            229.61707253599414,
            413.80671816682724,
            529.0463117724194,
            574.1297762701391,
            610.5972486017276,
            733.3928006191499,
            68.00735254367721,
            903.8390343418456,
            565.0318575089373,
            104.29285689825551,
            707.4121853629608,
            918.9221947477382,
            566.2119744406682,
            502.38033401000075,
            129.86916493148016,
            537.1154438293504,
            497.14484810767175
        ],
        [
            725.4357311299188,
            0,
            59.54829972383762,
            207.39575694791833,
            596.8534158401038,
            911.3051080730316,
            361.3876035505369,
            227.80035118497952,
            984.740574973937,
            1018.0235753655218,
            1051.7889522142739,
            668.2050583466126,
            693.0353526336156,
            294.6794869005985,
            686.3483080768831,
            390.8362828602278,
            731.0109438305284,
            968.5995044392703,
            843.1968927836487,
            603.3282688553553,
            785.2082526311093,
            266.5520587052368
        ],
        [
            679.2532664625177,
            59.54829972383762,
            0,
            187.17104476921634,
            550.0581787411219,
            859.2467631594548,
            304.41583401656357,
            170.03823099526764,
            925.2459132576593,
            958.4915231758704,
            992.6499886667001,
            620.1193433525517,
            649.630664300878,
            236.03813251252433,
            646.0030959678136,
            343.09328177625395,
            686.8922768527829,
            909.0946045379435,
            783.6638309887728,
            554.8378141403125,
            725.8002480021621,
            245.07957891264627
        ],
        [
            543.6561413246428,
            207.39575694791833,
            187.17104476921634,
            0,
            660.446061385788,
            748.5519354059543,
            266.101484400219,
            185.08376482014842,
            898.568305695232,
            934.8395584270063,
            995.4340761697885,
            493.7823407129906,
            768.9479826360168,
            300.54117854297436,
            491.31354550836477,
            461.7899955607527,
            802.8000996512146,
            883.5756900232147,
            764.2512675815461,
            432.24530072633524,
            725.8877323663763,
            59.20304046246274
        ],
        [
            802.6811322063078,
            596.8534158401038,
            550.0581787411219,
            660.446061385788,
            0,
            847.8071714723814,
            469.61792981103264,
            477.4819368311225,
            639.7405724197895,
            656.5439817712139,
            611.3411486232544,
            737.0101763205173,
            111.89280584559492,
            361.809342057388,
            843.6515868532459,
            207.0,
            142.63590010933433,
            624.31162090738,
            519.8663289731313,
            690.1601263475021,
            428.12381386697,
            691.3089034577813
        ],
        [
            229.61707253599414,
            911.3051080730316,
            859.2467631594548,
            748.5519354059543,
            847.8071714723814,
            0,
            564.2481723497207,
            695.184867499286,
            428.7854941576265,
            459.4268168054625,
            599.8441464247192,
            258.64454372748713,
            933.1950492796242,
            699.1430468795352,
            328.09297462761987,
            806.3870038635295,
            938.8471654108564,
            426.6427076606373,
            413.06900149974945,
            316.62280397975127,
            481.7976753783688,
            708.3678422966417
        ],
        [
            413.80671816682724,
            361.3876035505369,
            304.41583401656357,
            266.101484400219,
            469.61792981103264,
            564.2481723497207,
            0,
            134.6476884316994,
            638.0948205400198,
            673.5020415707736,
            729.4333417112218,
            347.57013680694723,
            581.3028470599469,
            153.3786165017797,
            414.8553964937663,
            316.0063290505429,
            608.4159761216005,
            622.6266939346563,
            500.8492787256462,
            283.9753510430087,
            459.78799462360917,
            266.33249895572266
        ],
        [
            529.0463117724194,
            227.80035118497952,
            170.03823099526764,
            185.08376482014842,
            477.4819368311225,
            695.184867499286,
            134.6476884316994,
            0,
            761.2154754075877,
            795.4200148349299,
            839.1096471856346,
            465.96673701027197,
            587.2452639230052,
            115.95257651298655,
            511.707924503813,
            285.0017543805652,
            620.0967666421104,
            745.3066482998794,
            620.966987850401,
            400.6045431594605,
            569.548066452692,
            214.31052237349428
        ],
        [
            574.1297762701391,
            984.740574973937,
            925.2459132576593,
            898.568305695232,
            639.7405724197895,
            428.7854941576265,
            638.0948205400198,
            761.2154754075877,
            0,
            38.07886552931954,
            171.3534359153618,
            550.7122660700413,
            682.4221567329125,
            698.176195526602,
            674.0741798941715,
            708.9605066574584,
            671.1460347793169,
            16.64331697709324,
            142.63590010933433,
            565.6969153177344,
            220.63997824510406,
            884.0
        ],
        [
            610.5972486017276,
            1018.0235753655218,
