{
    "depot": [
        581,
        333
    ],
    "final_destination": [
        468,
        124
    ],
    "requests": [
        [
            [
                499,
                745
            ],
            [
                652,
                887
            ]
        ],
        [
            [
                630,
                415
            ],
            [
                727,
                850
            ]
        ],
        [
            [
                602,
                149
            ],
            [
                771,
                748
            ]
        ],
        [
            [
                196,
                383
            ],
            [
                2,
                793
            ]
        ],
        [
            [
                369,
                0
            ],
            [
                837,
                874
            ]
        ]
    ],
    "travel_costs": [
        [
            0,
            420.0809445809224,
            95.524865872714,
            185.19449235870923,
            388.2331773560832,
            394.75688721034373,
            558.5311092499683,
            537.21969435232,
            456.4263357870577,
            739.4869843344101,
            598.5123223459981,
            237.59208741033444
        ],
        [
            420.0809445809224,
            0,
            355.05070060485724,
            604.8346881586737,
            472.07308756166134,
            756.2572313703849,
            208.74146689146363,
            251.01593574910737,
            272.0165436145383,
            499.3125273813987,
            361.7803200838874,
            621.773270573768
        ],
        [
            95.524865872714,
            355.05070060485724,
            0,
            267.4696244435992,
            435.1781244502072,
            490.25095614389164,
            472.5124336988393,
            445.68374437486494,
            361.6213489272999,
            732.9856751669844,
            503.5176263051771,
            333.05404966761773
        ],
        [
            185.19449235870923,
            604.8346881586737,
            267.4696244435992,
            0,
            468.6064446846628,
            276.56825558982723,
            739.69182772287,
            712.0575819412359,
            622.384125761575,
            880.1908883872861,
            762.1351586168953,
            136.31214179228496
        ],
        [
            388.2331773560832,
            472.07308756166134,
            435.1781244502072,
            468.6064446846628,
            0,
            420.25944367735514,
            679.6705084083021,
            707.1421356417676,
            681.065341945984,
            453.5813047293727,
            807.4416387578732,
            375.5862084794914
        ],
        [
            394.75688721034373,
            756.2572313703849,
            490.25095614389164,
            276.56825558982723,
            420.25944367735514,
            0,
            931.0520930646147,
            922.3144799904206,
            849.1807816949226,
            873.806614760955,
            991.4131328563285,
            158.67261893597143
        ],
        [
            558.5311092499683,
            208.74146689146363,
            472.5124336988393,
            739.69182772287,
            679.6705084083021,
            931.0520930646147,
            0,
            83.6301381082203,
            182.9808733174044,
            656.761752844972,
            185.4561942885705,
            784.8726011270875
        ],
        [
            537.21969435232,
            251.01593574910737,
            445.68374437486494,
            712.0575819412359,
            707.1421356417676,
            922.3144799904206,
            83.6301381082203,
            0,
            111.08555261599052,
            727.2372377704542,
            112.58774356030055,
            770.8158016024322
        ],
        [
            456.4263357870577,
            272.0165436145383,
            361.6213489272999,
            622.384125761575,
            681.065341945984,
            849.1807816949226,
            182.9808733174044,
            111.08555261599052,
            0,
            770.3155197709573,
            142.23923509355637,
            693.6749959455076
        ],
        [
            739.4869843344101,
            499.3125273813987,
            732.9856751669844,
            880.1908883872861,
            453.5813047293727,
            873.806614760955,
            656.761752844972,
            727.2372377704542,
            770.3155197709573,
            0,
            838.9195432221138,
            815.3017846172054
        ],
        [
            598.5123223459981,
            361.7803200838874,
            503.5176263051771,
            762.1351586168953,
            807.4416387578732,
            991.4131328563285,
            185.4561942885705,
            112.58774356030055,
            142.23923509355637,
            838.9195432221138,
            0,
            835.8594379439644
        ],
        [
            237.59208741033444,
            621.773270573768,
            333.05404966761773,
            136.31214179228496,
            375.5862084794914,
            158.67261893597143,
            784.8726011270875,
            770.8158016024322,
            693.6749959455076,
            815.3017846172054,
            835.8594379439644,
            0
        ]
    ],
    "incompatibilities": [
        [
            0,
            0,
            0,
            1,
            1
        ],
        [
            0,
            0,
            1,
            1,
            1
        ],
        [
            0,
            1,
            0,
            1,
            1
        ],
        [
            1,
            1,
            1,
            0,
            1
        ],
        [
            1,
            1,
            1,
            1,
            0
        ]
    ]
}