{
    "depot": [
        898,
        768
    ],
    "final_destination": [
        938,
        554
    ],
    "requests": [
        [
            [
                571,
                319
            ],
            [
                313,
                686
            ]
        ],
        [
            [
                205,
                958
            ],
            [
                182,
                880
            ]
        ],
        [
            [
                730,
                410
            ],
            [
                353,
                343
            ]
        ],
        [
            [
                624,
                552
            ],
            [
                320,
                658
            ]
        ],
        [
            [
                97,
                302
            ],
            [
                118,
                330
            ]
        ]
    ],
    "travel_costs": [
        [
            0,
            555.4547686355749,
            718.5742828685145,
            395.4592267225535,
            348.90113212771325,
            926.6914265277304,
            590.7190533578547,
            724.7068372797376,
            691.1222757226105,
            588.3740306981606,
            894.5635807476181,
            217.70622407271688
        ],
        [
            555.4547686355749,
            0,
            736.3945953087923,
            183.19934497699495,
            238.9518780005715,
            474.30475435103955,
            448.61230477997367,
            682.6726887755216,
            219.3171219946131,
            421.8080132003184,
            453.13353440238785,
            435.79123442308935
        ],
        [
            718.5742828685145,
            736.3945953087923,
            0,
            758.8998616418374,
            583.43551486004,
            664.8308055437865,
            292.6567955814456,
            81.3203541556479,
            632.5575072671259,
            321.2864765283469,
            633.9976340649861,
            836.9617673466333
        ],
        [
            395.4592267225535,
            183.19934497699495,
            758.8998616418374,
            0,
            177.2004514666935,
            642.1471793911425,
            500.0649957755492,
            721.9445962122026,
            382.90729948644224,
            479.1701159296143,
            617.2066104636276,
            252.98221281347034
        ],
        [
            348.90113212771325,
            238.9518780005715,
            583.43551486004,
            177.2004514666935,
            0,
            583.2915223110996,
            338.6399267658792,
            550.4071220469444,
            342.2309161954834,
            321.9503067245006,
            552.5576892958779,
            314.00636936215164
        ],
        [
            926.6914265277304,
            474.30475435103955,
            664.8308055437865,
            642.1471793911425,
            583.2915223110996,
            0,
            440.58143401645964,
            584.2165694329458,
            259.26241532470533,
            420.0773738253466,
            35.0,
            877.9436200576891
        ],
        [
            590.7190533578547,
            448.61230477997367,
            292.6567955814456,
            500.0649957755492,
            338.6399267658792,
            440.58143401645964,
            0,
            234.08759044426085,
            345.32448508612885,
            28.861739379323623,
            405.9076249591771,
            638.7871319931234
        ],
        [
            724.7068372797376,
            682.6726887755216,
            81.3203541556479,
            721.9445962122026,
            550.4071220469444,
            584.2165694329458,
            234.08759044426085,
            0,
            563.5689842423907,
            261.3962509295036,
            553.7111160162851,
            823.2933863453538
        ],
        [
            691.1222757226105,
            219.3171219946131,
            632.5575072671259,
            382.90729948644224,
            342.2309161954834,
            259.26241532470533,
            345.32448508612885,
            563.5689842423907,
            0,
            316.7238544852597,
            235.35929979501552,
            621.8890576300566
        ],
        [
            588.3740306981606,
            421.8080132003184,
            321.2864765283469,
            479.1701159296143,
            321.9503067245006,
            420.0773738253466,
            28.861739379323623,
            261.3962509295036,
            316.7238544852597,
            0,
            385.21163014633913,
            626.6897158881737
        ],
        [
            894.5635807476181,
            453.13353440238785,
            633.9976340649861,
            617.2066104636276,
            552.5576892958779,
            35.0,
            405.9076249591771,
            553.7111160162851,
            235.35929979501552,
            385.21163014633913,
            0,
            850.0447047067585
        ],
        [
            217.70622407271688,
            435.79123442308935,
            836.9617673466333,
            252.98221281347034,
            314.00636936215164,
            877.9436200576891,
            638.7871319931234,
            823.2933863453538,
            621.8890576300566,
            626.6897158881737,
            850.0447047067585,
            0
        ]
    ],
    "incompatibilities": [
        [
            0,
            1,
            0,
            0,
            0
        ],
        [
            1,
            0,
            0,
            0,
            0
        ],
        [
            0,
            0,
            0,
            1,
            0
        ],
        [
            0,
            0,
            1,
            0,
            0
        ],
        [
            0,
            0,
            0,
            0,
            0
        ]
    ]
}